codigo,documento_cliente,nome_cliente,tipo,valor,data_operacao,data_vencimento,status_operacao,observacao
OP-0001,10000000004,Diego Alves,seguro,63419.47,2026-08-16,2026-09-23,aberta,
OP-0002,10000000005,Elena Castro,seguro,58004.41,2026-05-25,2026-08-12,aberta,
OP-0003,10000000003,Carla Mendes,investimento,36730.47,2026-09-13,2026-10-04,aberta,
OP-0004,10000000007,Gabriela Nunes,consorcio,43697.17,2026-09-13,2026-12-03,aberta,
OP-0005,10000000007,Gabriela Nunes,investimento,36529.91,2026-07-21,2026-10-14,aberta,
OP-0006,10000000009,Isabela Pinto,seguro,64860.42,2026-08-27,2026-10-30,aberta,
OP-0007,10000000011,Karina Lopes,financiamento,14482.54,2026-06-11,2026-08-03,aberta,
OP-0008,10000000004,Diego Alves,seguro,33223.93,2026-08-02,2026-09-25,aberta,
OP-0009,10000000020,Thiago Moreira,financiamento,68895.21,2026-06-15,2026-08-22,aberta,
OP-0010,10000000018,Rafael Vieira,seguro,82755.17,2026-07-30,2026-08-19,aberta,
OP-0011,10000000018,Rafael Vieira,financiamento,70755.29,2026-06-29,2026-08-24,aberta,
OP-0012,10000000019,Sofia Cardoso,consorcio,60331.75,2026-09-11,2026-10-20,aberta,
OP-0013,10000000010,João Martins,seguro,72919.03,2026-05-29,2026-06-20,aberta,
OP-0014,10000000013,Marina Costa,financiamento,39359.76,2026-06-02,2026-07-28,aberta,
OP-0015,10000000006,Felipe Rocha,financiamento,31165.1,2026-06-23,2026-08-06,aberta,
OP-0016,10000000003,Carla Mendes,investimento,54520.69,2026-07-10,2026-08-20,aberta,
OP-0017,10000000006,Felipe Rocha,plano_saude,,2026-06-27,2026-09-16,aberta,Valor ausente na origem
OP-0018,10000000008,Henrique Dias,financiamento,71878.14,2026-06-09,2026-06-26,aberta,
OP-0019,10000000008,Henrique Dias,seguro,68721.32,2026-07-27,2026-07-24,aberta,Data invertida
OP-0020,10000000003,Carla Mendes,consorcio,77746.87,2026-07-06,2026-08-25,aberta,
OP-0021,10000000007,Gabriela Nunes,plano_saude,34535.26,2026-06-26,2026-09-02,aberta,
OP-0022,10000000005,Elena Castro,financiamento,13159.13,2026-06-13,2026-09-02,aberta,
OP-0023,10000000018,Rafael Vieira,financiamento,63875.65,2026-07-24,2026-09-08,aberta,
OP-0024,10000000012,Lucas Ferreira,consorcio,84776.7,2026-08-30,2026-11-13,aberta,
OP-0025,10000000016,Paulo Henrique,seguro,64607.81,2026-05-29,2026-06-22,aberta,
OP-0026,10000000005,Elena Castro,consorcio,67638.63,2026-07-24,2026-10-18,aberta,
OP-0027,10000000003,Carla Mendes,plano_saude,33365.21,2026-07-19,2026-10-04,aberta,
OP-0028,10000000009,Isabela Pinto,investimento,73375.11,2026-09-15,2026-10-09,aberta,
OP-0029,10000000018,Rafael Vieira,,65677.99,2026-08-04,2026-08-28,aberta,
OP-0030,10000000010,João Martins,plano_saude,14706.17,2026-09-16,2026-10-29,aberta,
OP-0031,10000000017,Queila Ramos,consorcio,43891.42,2026-09-03,2026-12-02,aberta,
OP-0032,10000000010,João Martins,investimento,52349.01,2026-08-28,2026-10-24,aberta,
OP-0033,10000000006,Felipe Rocha,investimento,81117.23,2026-07-11,2026-07-21,aberta,
OP-0034,10000000020,Thiago Moreira,financiamento,,2026-09-02,2026-10-28,aberta,Valor ausente na origem
OP-0035,10000000010,João Martins,consorcio,6336.75,2026-05-27,2026-08-17,aberta,
OP-0036,10000000003,Carla Mendes,seguro,62614.28,2026-06-04,2026-06-22,aberta,
OP-0037,10000000018,Rafael Vieira,consorcio,12220.69,2026-07-18,2026-10-06,aberta,
OP-0038,10000000006,Felipe Rocha,financiamento,45560.76,2026-07-01,2026-06-28,aberta,Data invertida
OP-0039,10000000007,Gabriela Nunes,investimento,64564.64,2026-06-20,2026-07-25,aberta,
OP-0040,10000000010,João Martins,plano_saude,84594.97,2026-06-25,2026-08-21,aberta,
OP-0041,10000000015,Olivia Teixeira,investimento,39199.09,2026-08-16,2026-09-23,aberta,
OP-0042,10000000003,Carla Mendes,financiamento,3256.36,2026-07-08,2026-08-16,aberta,
OP-0043,10000000019,Sofia Cardoso,consorcio,2100.44,2026-06-18,2026-09-16,aberta,
OP-0044,10000000002,Bruno Lima,consorcio,7127.93,2026-09-12,2026-11-03,aberta,
OP-0045,10000000003,Carla Mendes,investimento,21373.39,2026-06-23,2026-09-03,aberta,
OP-0046,10000000007,Gabriela Nunes,investimento,12548.04,2026-05-27,2026-09-02,aberta,
OP-0047,10000000016,Paulo Henrique,consorcio,67015.72,2026-06-05,2026-08-06,aberta,
OP-0048,10000000007,Gabriela Nunes,seguro,9593.72,2026-07-23,2026-09-16,aberta,
OP-0049,10000000014,Nicolas Barbosa,plano_saude,40496.56,2026-06-15,2026-07-01,aberta,
OP-0050,10000000004,Diego Alves,seguro,35118.88,2026-08-04,2026-08-27,aberta,
OP-0051,10000000008,Henrique Dias,consorcio,,2026-07-21,2026-08-17,aberta,Valor ausente na origem
OP-0052,10000000014,Nicolas Barbosa,consorcio,24758.52,2026-08-16,2026-09-04,aberta,
OP-0053,10000000015,Olivia Teixeira,investimento,9675.38,2026-06-25,2026-09-12,aberta,
OP-0054,10000000001,Ana Souza,seguro,78851.64,2026-05-31,2026-07-10,aberta,
OP-0055,10000000006,Felipe Rocha,plano_saude,42051.03,2026-08-20,2026-10-20,aberta,
OP-0056,10000000002,Bruno Lima,consorcio,33144.26,2026-07-29,2026-09-10,aberta,
OP-0057,10000000015,Olivia Teixeira,financiamento,36821.13,2026-06-15,2026-06-12,aberta,Data invertida
OP-0058,10000000016,Paulo Henrique,,17356.47,2026-08-20,2026-09-06,aberta,
OP-0059,10000000019,Sofia Cardoso,investimento,6589.96,2026-08-07,2026-08-24,aberta,
OP-0060,10000000002,Bruno Lima,investimento,41311.84,2026-05-30,2026-08-15,aberta,
OP-0061,10000000006,Felipe Rocha,seguro,81725.04,2026-09-06,2026-10-09,aberta,
OP-0062,10000000003,Carla Mendes,investimento,7174.73,2026-05-29,2026-07-08,aberta,
OP-0063,10000000013,Marina Costa,seguro,80123.28,2026-07-06,2026-08-16,aberta,
OP-0064,10000000019,Sofia Cardoso,investimento,4818.43,2026-09-06,2026-11-08,aberta,
OP-0065,10000000019,Sofia Cardoso,investimento,45152.36,2026-08-14,2026-09-19,aberta,
OP-0066,10000000011,Karina Lopes,consorcio,23678.81,2026-08-31,2026-10-18,aberta,
OP-0067,10000000015,Olivia Teixeira,financiamento,79073.03,2026-09-07,2026-09-18,aberta,
OP-0068,10000000015,Olivia Teixeira,investimento,,2026-09-04,2026-09-23,aberta,Valor ausente na origem
OP-0069,10000000018,Rafael Vieira,consorcio,43741.37,2026-08-31,2026-09-18,aberta,
OP-0070,10000000008,Henrique Dias,financiamento,25296.45,2026-07-22,2026-10-09,aberta,
OP-0071,10000000010,João Martins,investimento,83651.75,2026-06-05,2026-08-21,aberta,
OP-0072,10000000001,Ana Souza,investimento,26498.13,2026-06-24,2026-07-17,aberta,
OP-0073,10000000005,Elena Castro,financiamento,11138.29,2026-09-03,2026-11-22,aberta,
OP-0074,10000000005,Elena Castro,financiamento,25026.65,2026-08-21,2026-10-13,aberta,
OP-0075,10000000007,Gabriela Nunes,financiamento,43701.66,2026-08-15,2026-08-31,aberta,
OP-0076,10000000003,Carla Mendes,plano_saude,70750.57,2026-09-11,2026-09-08,aberta,Data invertida
OP-0077,10000000011,Karina Lopes,consorcio,54698.97,2026-08-14,2026-09-13,aberta,
OP-0078,10000000015,Olivia Teixeira,investimento,60423.23,2026-07-07,2026-07-18,aberta,
OP-0079,10000000004,Diego Alves,seguro,80411.75,2026-06-20,2026-07-19,aberta,
OP-0080,10000000018,Rafael Vieira,seguro,71188.68,2026-07-04,2026-09-22,aberta,
OP-0081,10000000005,Elena Castro,plano_saude,12141.7,2026-08-08,2026-10-03,aberta,
OP-0082,10000000002,Bruno Lima,financiamento,19041.39,2026-08-16,2026-09-08,aberta,
OP-0083,10000000012,Lucas Ferreira,investimento,75325.25,2026-07-26,2026-10-23,aberta,
OP-0084,10000000005,Elena Castro,consorcio,73694.58,2026-06-06,2026-07-08,aberta,
OP-0085,10000000014,Nicolas Barbosa,seguro,,2026-08-05,2026-10-06,aberta,Valor ausente na origem
OP-0086,10000000008,Henrique Dias,financiamento,14793.02,2026-06-19,2026-07-12,aberta,
OP-0087,10000000013,Marina Costa,,73192.54,2026-08-19,2026-09-23,aberta,
OP-0088,10000000015,Olivia Teixeira,financiamento,26983.44,2026-06-07,2026-07-16,aberta,
OP-0089,10000000008,Henrique Dias,seguro,56612.77,2026-07-27,2026-09-17,aberta,
OP-0090,10000000009,Isabela Pinto,seguro,82235.24,2026-08-12,2026-10-05,aberta,
OP-0091,10000000017,Queila Ramos,plano_saude,58239.76,2026-06-01,2026-08-18,aberta,
OP-0092,10000000011,Karina Lopes,seguro,11131.04,2026-08-14,2026-09-02,aberta,
OP-0093,10000000009,Isabela Pinto,seguro,10551.61,2026-07-23,2026-09-15,aberta,
OP-0094,10000000011,Karina Lopes,plano_saude,52118.44,2026-07-13,2026-08-06,aberta,
OP-0095,10000000013,Marina Costa,investimento,17371.58,2026-09-11,2026-09-08,aberta,Data invertida
OP-0096,10000000001,Ana Souza,investimento,78785.53,2026-07-10,2026-08-14,aberta,
OP-0097,10000000012,Lucas Ferreira,plano_saude,7342.81,2026-06-23,2026-08-14,aberta,
OP-0098,10000000020,Thiago Moreira,financiamento,56892.85,2026-09-01,2026-10-19,aberta,
OP-0099,10000000017,Queila Ramos,financiamento,57185.56,2026-08-06,2026-10-06,aberta,
OP-0100,10000000010,João Martins,investimento,12128.53,2026-07-25,2026-09-21,aberta,
OP-0101,10000000006,Felipe Rocha,investimento,49020.29,2026-07-27,2026-10-15,aberta,
OP-0102,10000000001,Ana Souza,financiamento,,2026-07-23,2026-10-15,aberta,Valor ausente na origem
OP-0103,10000000020,Thiago Moreira,financiamento,40326.51,2026-07-22,2026-08-28,aberta,
OP-0104,10000000017,Queila Ramos,plano_saude,67776.91,2026-06-07,2026-07-08,aberta,
OP-0105,10000000003,Carla Mendes,financiamento,44540.24,2026-06-27,2026-09-24,aberta,
OP-0106,10000000011,Karina Lopes,seguro,69838.36,2026-06-12,2026-07-22,aberta,
OP-0107,10000000010,João Martins,consorcio,68848.0,2026-08-29,2026-09-11,aberta,
OP-0108,10000000002,Bruno Lima,consorcio,83658.66,2026-06-30,2026-07-19,aberta,
OP-0109,10000000015,Olivia Teixeira,plano_saude,75492.43,2026-07-05,2026-08-08,aberta,
OP-0110,10000000013,Marina Costa,plano_saude,34871.01,2026-08-29,2026-09-08,aberta,
OP-0111,10000000004,Diego Alves,plano_saude,19773.23,2026-06-06,2026-08-21,aberta,
OP-0112,10000000015,Olivia Teixeira,seguro,48043.38,2026-05-31,2026-06-25,aberta,
OP-0113,10000000015,Olivia Teixeira,consorcio,68418.29,2026-06-23,2026-09-08,aberta,
OP-0114,10000000018,Rafael Vieira,investimento,27994.38,2026-06-12,2026-06-09,aberta,Data invertida
OP-0115,10000000020,Thiago Moreira,investimento,37132.85,2026-07-08,2026-09-15,aberta,
OP-0116,10000000016,Paulo Henrique,,23142.49,2026-08-16,2026-09-30,aberta,
OP-0117,10000000017,Queila Ramos,plano_saude,53833.49,2026-08-12,2026-10-17,aberta,
OP-0118,10000000003,Carla Mendes,financiamento,21080.21,2026-08-05,2026-09-24,aberta,
OP-0119,10000000018,Rafael Vieira,seguro,,2026-08-18,2026-10-16,aberta,Valor ausente na origem
OP-0120,10000000005,Elena Castro,consorcio,6863.11,2026-07-26,2026-09-16,aberta,
OP-0121,10000000018,Rafael Vieira,plano_saude,36217.15,2026-08-21,2026-10-23,aberta,
OP-0122,10000000013,Marina Costa,investimento,80496.18,2026-09-14,2026-12-06,aberta,
OP-0123,10000000013,Marina Costa,plano_saude,1992.32,2026-08-02,2026-09-19,aberta,
OP-0124,10000000013,Marina Costa,plano_saude,46441.42,2026-06-14,2026-09-01,aberta,
OP-0125,10000000020,Thiago Moreira,consorcio,42267.16,2026-08-13,2026-10-17,aberta,
OP-0126,10000000016,Paulo Henrique,seguro,33969.58,2026-06-23,2026-08-23,aberta,
OP-0127,10000000006,Felipe Rocha,plano_saude,78281.73,2026-06-29,2026-09-15,aberta,
OP-0128,10000000001,Ana Souza,plano_saude,50923.05,2026-06-24,2026-07-07,aberta,
OP-0129,10000000003,Carla Mendes,plano_saude,12830.91,2026-07-19,2026-08-21,aberta,
OP-0130,10000000002,Bruno Lima,financiamento,33155.17,2026-08-20,2026-10-27,aberta,
OP-0131,10000000011,Karina Lopes,financiamento,65062.68,2026-07-30,2026-09-13,aberta,
OP-0132,10000000014,Nicolas Barbosa,financiamento,71215.06,2026-07-18,2026-07-30,aberta,
OP-0133,10000000018,Rafael Vieira,seguro,84992.3,2026-08-03,2026-07-31,aberta,Data invertida
OP-0134,10000000003,Carla Mendes,seguro,64478.47,2026-08-16,2026-09-20,aberta,
OP-0135,10000000001,Ana Souza,investimento,14223.93,2026-08-31,2026-11-09,aberta,
OP-0136,10000000004,Diego Alves,investimento,,2026-07-19,2026-08-30,aberta,Valor ausente na origem
OP-0137,10000000012,Lucas Ferreira,consorcio,52092.04,2026-06-13,2026-07-07,aberta,
OP-0138,10000000006,Felipe Rocha,financiamento,10526.25,2026-09-13,2026-09-02,aberta,
OP-0139,10000000013,Marina Costa,plano_saude,80112.79,2026-08-22,2026-09-10,aberta,
OP-0140,10000000019,Sofia Cardoso,consorcio,10008.76,2026-06-10,2026-07-28,aberta,
OP-0141,10000000020,Thiago Moreira,seguro,67984.97,2026-07-06,2026-07-21,aberta,
OP-0142,10000000012,Lucas Ferreira,investimento,37269.56,2026-07-31,2026-08-18,aberta,
OP-0143,10000000017,Queila Ramos,financiamento,2556.45,2026-07-25,2026-10-05,aberta,
OP-0144,10000000004,Diego Alves,plano_saude,81725.76,2026-06-27,2026-09-03,aberta,
OP-0145,10000000005,Elena Castro,,16207.44,2026-07-12,2026-08-25,aberta,
OP-0146,10000000020,Thiago Moreira,investimento,66182.56,2026-07-19,2026-09-22,aberta,
OP-0147,10000000019,Sofia Cardoso,financiamento,28412.43,2026-08-16,2026-09-06,aberta,
OP-0148,10000000009,Isabela Pinto,plano_saude,21862.6,2026-07-19,2026-10-09,aberta,
OP-0149,10000000020,Thiago Moreira,plano_saude,29589.12,2026-07-15,2026-09-04,aberta,
OP-0150,10000000006,Felipe Rocha,plano_saude,19212.01,2026-06-06,2026-07-19,aberta,
OP-0151,10000000011,Karina Lopes,financiamento,75006.72,2026-06-19,2026-08-03,aberta,
OP-0152,10000000018,Rafael Vieira,seguro,44638.38,2026-08-23,2026-08-20,aberta,Data invertida
OP-0153,10000000008,Henrique Dias,plano_saude,,2026-06-11,2026-07-21,aberta,Valor ausente na origem
OP-0154,10000000016,Paulo Henrique,plano_saude,38922.57,2026-09-14,2026-10-05,aberta,
OP-0155,10000000010,João Martins,consorcio,35267.49,2026-08-16,2026-10-04,aberta,
OP-0156,10000000019,Sofia Cardoso,financiamento,41017.25,2026-07-11,2026-09-03,aberta,
OP-0157,10000000014,Nicolas Barbosa,investimento,29121.07,2026-06-19,2026-08-26,aberta,
OP-0158,10000000009,Isabela Pinto,financiamento,22492.21,2026-09-01,2026-10-05,aberta,
OP-0159,10000000011,Karina Lopes,seguro,63530.57,2026-06-11,2026-07-14,aberta,
OP-0160,10000000007,Gabriela Nunes,consorcio,63173.49,2026-08-12,2026-11-05,aberta,
